{"cameraMode":{"drawMode":0,"name":"Shaded","section":"Shading Mode"},"sceneLighting":true,"audioPlay":false,"sceneViewState":{"m_AlwaysRefresh":false,"showFog":true,"showSkybox":true,"showFlares":true,"showImageEffects":true,"showParticleSystems":true,"showVisualEffectGraphs":true,"m_FxEnabled":true},"in2DMode":false,"pivot":{"x":5.3098530769348148,"y":34.419246673583987,"z":-41.841644287109378},"rotation":{"x":0.410593181848526,"y":-0.07155198603868485,"z":0.032340049743652347,"w":0.9084309935569763},"size":7.2816243171691898,"orthographic":true}