{"cameraMode":{"drawMode":0,"name":"Shaded","section":"Shading Mode"},"sceneLighting":true,"audioPlay":false,"sceneViewState":{"m_AlwaysRefresh":false,"showFog":true,"showSkybox":true,"showFlares":true,"showImageEffects":true,"showParticleSystems":true,"showVisualEffectGraphs":true,"m_FxEnabled":true},"in2DMode":false,"pivot":{"x":-7.154531478881836,"y":18.93197250366211,"z":-37.36798858642578},"rotation":{"x":-0.027577053755521776,"y":0.03897529095411301,"z":0.0010760171571746469,"w":0.9988588094711304},"size":24.8985652923584,"orthographic":true}