{"cameraMode":{"drawMode":0,"name":"Shaded","section":"Shading Mode"},"sceneLighting":true,"audioPlay":false,"sceneViewState":{"m_AlwaysRefresh":false,"showFog":true,"showSkybox":true,"showFlares":true,"showImageEffects":true,"showParticleSystems":true,"showVisualEffectGraphs":true,"m_FxEnabled":true},"in2DMode":false,"pivot":{"x":6.493320941925049,"y":30.135677337646486,"z":-71.2366714477539},"rotation":{"x":-0.10480750352144242,"y":0.0003041367745026946,"z":-0.00003177616235916503,"w":-0.9944952130317688},"size":5.824009895324707,"orthographic":false}