{"cameraMode":{"drawMode":0,"name":"Shaded","section":"Shading Mode"},"sceneLighting":false,"audioPlay":false,"sceneViewState":{"m_AlwaysRefresh":false,"showFog":true,"showSkybox":false,"showFlares":true,"showImageEffects":true,"showParticleSystems":true,"showVisualEffectGraphs":true,"m_FxEnabled":true},"in2DMode":false,"pivot":{"x":-52.70000076293945,"y":48.900001525878909,"z":-30.299999237060548},"rotation":{"x":0.36830970644950869,"y":-0.05934647098183632,"z":0.02356678619980812,"w":0.9275091886520386},"size":2.311685085296631,"orthographic":false}