{"cameraMode":{"drawMode":0,"name":"Shaded","section":"Shading Mode"},"sceneLighting":false,"audioPlay":false,"sceneViewState":{"m_AlwaysRefresh":false,"showFog":true,"showSkybox":false,"showFlares":true,"showImageEffects":true,"showParticleSystems":true,"showVisualEffectGraphs":true,"m_FxEnabled":true},"in2DMode":false,"pivot":{"x":-0.01823170855641365,"y":0.25730758905410769,"z":0.09427747130393982},"rotation":{"x":0.18165001273155213,"y":-0.13756230473518372,"z":0.025672417134046556,"w":0.9733560681343079},"size":0.1847045123577118,"orthographic":false}